{"Labels": {"_type": "images/separated", "width": 1600, "height": 1600, "format": "jpg", "count": 2, "filenames": ["media/images/Labels_0_8069de7e95b6dbbccb67.jpg", "media/images/Labels_0_603958805fb24d049596.jpg"], "captions": ["labels.jpg", "labels_correlogram.jpg"]}, "_timestamp": 1679224001, "_runtime": 10503, "Mosaics": {"_type": "images/separated", "width": 1280, "height": 1280, "format": "jpg", "count": 3, "filenames": ["media/images/Mosaics_0_fd4264960546f5e61437.jpg", "media/images/Mosaics_0_e39c2ee0b2ed9afa89d3.jpg", "media/images/Mosaics_0_3f4277ec4e1b06b753a0.jpg"], "captions": ["train_batch2.jpg", "train_batch0.jpg", "train_batch1.jpg"]}, "train/box_loss": 0.02408919669687748, "train/obj_loss": 0.0032564313150942326, "train/cls_loss": 0.0006419825367629528, "metrics/precision": 0.9795550920901167, "metrics/recall": 0.9915782333395254, "metrics/mAP_0.5": 0.9878229671853784, "metrics/mAP_0.5:0.95": 0.6485419123006309, "val/box_loss": 0.022917842492461205, "val/obj_loss": 0.0023287758231163025, "val/cls_loss": 0.0002814372128341347, "x/lr0": 0.002000877266100618, "x/lr1": 0.002000877266100618, "x/lr2": 0.002000877266100618, "_step": 300, "Bounding Box Debugger/Images": {"_type": "images/separated", "width": 640, "height": 640, "format": "png", "count": 16, "filenames": ["media/images/Bounding Box Debugger/Images_299_95845402d53f1b374991.png", "media/images/Bounding Box Debugger/Images_299_1ab94ec921fb56f55901.png", "media/images/Bounding Box Debugger/Images_299_da527272ac87f5a0b364.png", "media/images/Bounding Box Debugger/Images_299_a84a1e2e83b56d8587da.png", "media/images/Bounding Box Debugger/Images_299_ba0698a8ddd42b5813c0.png", "media/images/Bounding Box Debugger/Images_299_2646424f3554274cc950.png", "media/images/Bounding Box Debugger/Images_299_6d68cd4a7ce071257372.png", "media/images/Bounding Box Debugger/Images_299_7d525adbb94959a36a7e.png", "media/images/Bounding Box Debugger/Images_299_5c8472c28d68b8068eb9.png", "media/images/Bounding Box Debugger/Images_299_8f538073e5c1e09d391b.png", "media/images/Bounding Box Debugger/Images_299_d3c0beeef10ee12d47a2.png", "media/images/Bounding Box Debugger/Images_299_63b9017b64feb54a6308.png", "media/images/Bounding Box Debugger/Images_299_1f012e901dca809248e8.png", "media/images/Bounding Box Debugger/Images_299_9eb5dc21920f79d19986.png", "media/images/Bounding Box Debugger/Images_299_d6ab258653f939de3ebf.png", "media/images/Bounding Box Debugger/Images_299_7d7542ef5186c1f1a70e.png"], "captions": ["l_light_01_missing_hole_01_1_600.jpg", "rotation_270_light_09_short_03_5_600.jpg", "rotation_270_light_09_short_03_2_600.jpg", "rotation_270_light_09_short_03_1_600.jpg", "rotation_270_light_09_open_circuit_09_5_600.jpg", "rotation_270_light_09_open_circuit_09_1_600.jpg", "rotation_270_light_09_open_circuit_08_1_600.jpg", "rotation_270_light_09_open_circuit_06_4_600.jpg", "rotation_270_light_09_open_circuit_06_2_600.jpg", "rotation_270_light_09_open_circuit_05_4_600.jpg", "rotation_270_light_09_open_circuit_03_4_600.jpg", "rotation_270_light_09_mouse_bite_08_3_600.jpg", "rotation_270_light_09_mouse_bite_08_2_600.jpg", "rotation_270_light_09_mouse_bite_06_4_600.jpg", "rotation_270_light_09_mouse_bite_05_1_600.jpg", "rotation_270_light_09_missing_hole_07_5_600.jpg"], "all_boxes": [{"predictions": {"_type": "boxes2D", "sha256": "272b1e90301c9c1c17c858c19e319a9b7b4190b47dd1a6503da043b1d780ef22", "size": 1533, "path": "media/metadata/boxes2D/Bounding Box Debugger/Images_299_272b1e90301c9c1c17c8.boxes2D.json"}}, {"predictions": {"_type": "boxes2D", "sha256": "920ca5d155dcf812ed6c746fc13e4e239ba9f93961bccac641ff35840a432b1b", "size": 4620, "path": "media/metadata/boxes2D/Bounding Box Debugger/Images_299_920ca5d155dcf812ed6c.boxes2D.json"}}, {"predictions": {"_type": "boxes2D", "sha256": "742b2b49adccb5556454ff8e4beebf513a67b5032c94d213d3bec92ec94fec8c", "size": 1874, "path": "media/metadata/boxes2D/Bounding Box Debugger/Images_299_742b2b49adccb5556454.boxes2D.json"}}, {"predictions": {"_type": "boxes2D", "sha256": "0df98ae6eb8fdc1b92d39a433030397518b9e52e17dcf674cea3d9d839635755", "size": 1890, "path": "media/metadata/boxes2D/Bounding Box Debugger/Images_299_0df98ae6eb8fdc1b92d3.boxes2D.json"}}, {"predictions": {"_type": "boxes2D", "sha256": "7775a15764b5b025933ca15498b8c9a8e1f093252b0e8fb02c6673809a49644d", "size": 2496, "path": "media/metadata/boxes2D/Bounding Box Debugger/Images_299_7775a15764b5b025933c.boxes2D.json"}}, {"predictions": {"_type": "boxes2D", "sha256": "c453a0eab4dbcd83c32d84cec169d008b2ed88515e35b30904045946fce9288e", "size": 1741, "path": "media/metadata/boxes2D/Bounding Box Debugger/Images_299_c453a0eab4dbcd83c32d.boxes2D.json"}}, {"predictions": {"_type": "boxes2D", "sha256": "458fb95ec12286d6a134e1dc9d35ecf5572c77cef24213f028c94f6b2fd871da", "size": 550, "path": "media/metadata/boxes2D/Bounding Box Debugger/Images_299_458fb95ec12286d6a134.boxes2D.json"}}, {"predictions": {"_type": "boxes2D", "sha256": "35035bfe3ad4f98afa1774b22e423d35193a38fecffd9e69a7f37c060bb1c742", "size": 1748, "path": "media/metadata/boxes2D/Bounding Box Debugger/Images_299_35035bfe3ad4f98afa17.boxes2D.json"}}, {"predictions": {"_type": "boxes2D", "sha256": "e4ce02d499f55881b6d397b0b8b2ba4493d5801ea32069cf17d2271edf31c1d5", "size": 2103, "path": "media/metadata/boxes2D/Bounding Box Debugger/Images_299_e4ce02d499f55881b6d3.boxes2D.json"}}, {"predictions": {"_type": "boxes2D", "sha256": "a34211942e743dec1027ee48dfaf09b51ef9e9733649506f0f7d00c57d977895", "size": 1932, "path": "media/metadata/boxes2D/Bounding Box Debugger/Images_299_a34211942e743dec1027.boxes2D.json"}}, {"predictions": {"_type": "boxes2D", "sha256": "256d846ca8cc331e3c69a0693b4756ecd86de6444a5c5f27414ff4cc1161f997", "size": 2725, "path": "media/metadata/boxes2D/Bounding Box Debugger/Images_299_256d846ca8cc331e3c69.boxes2D.json"}}, {"predictions": {"_type": "boxes2D", "sha256": "2774b90d4c8f68d5f555aa204adf3bdc4de1599d227692cf96cdb9dcf0291312", "size": 4658, "path": "media/metadata/boxes2D/Bounding Box Debugger/Images_299_2774b90d4c8f68d5f555.boxes2D.json"}}, {"predictions": {"_type": "boxes2D", "sha256": "b373e793867c3c067761dcc006233ba8549fa45c1b23e2b41b81ff396d1c4aa6", "size": 1118, "path": "media/metadata/boxes2D/Bounding Box Debugger/Images_299_b373e793867c3c067761.boxes2D.json"}}, {"predictions": {"_type": "boxes2D", "sha256": "1f7f8d8e86bb70e5a94760946c6a478e92b52fda89fcb00f70a12c2223028321", "size": 3061, "path": "media/metadata/boxes2D/Bounding Box Debugger/Images_299_1f7f8d8e86bb70e5a947.boxes2D.json"}}, {"predictions": {"_type": "boxes2D", "sha256": "1eb591ec06ff404e92c7616cf119c211527471a5f929a6f190673c3be76634fe", "size": 2915, "path": "media/metadata/boxes2D/Bounding Box Debugger/Images_299_1eb591ec06ff404e92c7.boxes2D.json"}}, {"predictions": {"_type": "boxes2D", "sha256": "083d213a9fa0c032d25533f63f5603c187b51d7227ef8c26abd9ed23275eea05", "size": 3888, "path": "media/metadata/boxes2D/Bounding Box Debugger/Images_299_083d213a9fa0c032d255.boxes2D.json"}}]}, "Validation": {"_type": "images/separated", "width": 1280, "height": 1280, "format": "jpg", "count": 6, "filenames": ["media/images/Validation_299_76a7897ac3b35f5d9053.jpg", "media/images/Validation_299_59fa26142a60d1e85d96.jpg", "media/images/Validation_299_8a1bad4e09c550c8dcff.jpg", "media/images/Validation_299_3df2cae714f1df57582f.jpg", "media/images/Validation_299_58b9164674632835bed8.jpg", "media/images/Validation_299_10f0800aec8b142e3bbf.jpg"], "captions": ["test_batch0_labels.jpg", "test_batch0_pred.jpg", "test_batch1_labels.jpg", "test_batch1_pred.jpg", "test_batch2_labels.jpg", "test_batch2_pred.jpg"]}, "Results": {"_type": "images/separated", "width": 2400, "height": 1200, "format": "png", "count": 6,