{"Labels": {"_type": "images/separated", "width": 1600, "height": 1600, "format": "jpg", "count": 2, "filenames": ["media/images/Labels_0_8069de7e95b6dbbccb67.jpg", "media/images/Labels_0_603958805fb24d049596.jpg"], "captions": ["labels.jpg", "labels_correlogram.jpg"]}, "_timestamp": 1679213300, "_runtime": 612, "Mosaics": {"_type": "images/separated", "width": 1280, "height": 1280, "format": "jpg", "count": 3, "filenames": ["media/images/Mosaics_0_22f9e2ff5bb3ac2ae5a1.jpg", "media/images/Mosaics_0_e39c2ee0b2ed9afa89d3.jpg", "media/images/Mosaics_0_f0713dcf7ab4b7828957.jpg"], "captions": ["train_batch2.jpg", "train_batch0.jpg", "train_batch1.jpg"]}, "train/box_loss": 0.058416035026311874, "train/obj_loss": 0.008108306676149368, "train/cls_loss": 0.013039343990385532, "metrics/precision": 0.6743366445694, "metrics/recall": 0.5481975460466469, "metrics/mAP_0.5": 0.6081214858099405, "metrics/mAP_0.5:0.95": 0.21454960661047637, "val/box_loss": 0.051643695682287216, "val/obj_loss": 0.006084706634283066, "val/cls_loss": 0.008299686945974827, "x/lr0": 0.009996491320395434, "x/lr1": 0.009996491320395434, "x/lr2": 0.009996491320395434, "_step": 5}